<?xml version="1.0" encoding="UTF-8"?>
<project-private xmlns="http://www.netbeans.org/ns/project-private/1">
    <editor-bookmarks xmlns="http://www.netbeans.org/ns/editor-bookmarks/2" lastBookmarkId="0"/>
    <open-files xmlns="http://www.netbeans.org/ns/projectui-open-files/2">
        <group>
            <file>file:/C:/Users/gusta/OneDrive/Documentos/NetBeansProjects/Ejercicios%20Tutorias/Java-Tutorias-Mapas-Con-Objetos/src/entidad/Pelicula.java</file>
            <file>file:/C:/Users/gusta/OneDrive/Documentos/NetBeansProjects/Ejercicios%20Tutorias/Java-Tutorias-Mapas-Con-Objetos/src/servicio/ServicioPelicula.java</file>
            <file>file:/C:/Users/gusta/OneDrive/Documentos/NetBeansProjects/Ejercicios%20Tutorias/Java-Tutorias-Mapas-Con-Objetos/src/main/Main.java</file>
            <file>file:/C:/Users/gusta/OneDrive/Documentos/NetBeansProjects/Ejercicios%20Tutorias/Java-Tutorias-Mapas-Con-Objetos/src/utlidad/Comparators.java</file>
        </group>
    </open-files>
</project-private>
